Sno,wrong
1,Hoe
2,ANus
3,anal
4,anus
5,arse
6,ass
7,ass fuck
8,ass hole
9,assfucker
10,asshole
11,assshole
12,bastard
13,bitch
14,black cock
15,bloody hell
16,boong
17,cock
18,cockfucker
19,cocksuck
20,cocksucker
21,coon
22,coonnass
23,crap
24,cunt
25,cyberfuck
26,damn
27,darn
28,dick
29,dirty
30,douche
31,dummy
32,erect
33,erection
34,erotic
35,escort
36,fag
37,faggot
38,fuck
39,Fuck off
40,fuck you
41,fuckass
42,fuckhole
43,god damn
44,gook
45,hard core
46,hardcore
47,homoerotic
48,hore
49,lesbian
50,lesbians
51,mother fucker
52,motherfuck
53,motherfucker
54,negro
55,nigger
56,orgasim
57,orgasm
58,penis
59,penisfucker
60,piss
61,piss off
62,porn
63,porno
64,pornography
65,pussy
66,retard
67,sadist
68,sex
69,sexy
70,shit
71,slut
72,son of a bitch
73,suck
74,tits
75,viagra
76,whore
77,xxx
78,ANAL
79,ANUS
80,ARSE
81,ASS
82,ASS FUCK
83,ASS HOLE
84,ASSFUCKER
85,ASSHOLE
86,ASSSHOLE
87,BASTARD
88,BITCH
89,BLACK COCK
90,BLOODY HELL
91,BOONG
92,COCK
93,COCKFUCKER
94,COCKSUCK
95,COCKSUCKER
96,COON
97,COONNASS
98,CRAP
99,CUNT
100,CYBERFUCK
101,DAMN
102,DARN
103,DICK
104,DIRTY
105,DOUCHE
106,DUMMY
107,ERECT
108,ERECTION
109,EROTIC
110,ESCORT
111,FAG
112,FAGGOT
113,FUCK
114,FUCK OFF
115,FUCK YOU
116,FUCKASS
117,FUCKHOLE
118,GOD DAMN
119,GOOK
120,HARD CORE
121,HARDCORE
122,HOMOEROTIC
123,HORE
124,LESBIAN
125,LESBIANS
126,MOTHER FUCKER
127,MOTHERFUCK
128,MOTHERFUCKER
129,NEGRO
130,NIGGER
131,ORGASIM
132,ORGASM
133,PENIS
134,PENISFUCKER
135,PISS
136,PISS OFF
137,PORN
138,PORNO
139,PORNOGRAPHY
140,PUSSY
141,RETARD
142,SADIST
143,SEX
144,SEXY
145,SHIT
146,SLUT
147,SON OF A BITCH
148,SUCK
149,TITS
150,VIAGRA
151,WHORE
152,XXX
153,Anal
154,Anus
155,Arse
156,Ass
157,Ass fuck
158,Ass hole
159,Assfucker
160,Asshole
161,Assshole
162,Bastard
163,Bitch
164,Black cock
165,Bloody hell
166,Boong
167,Cock
168,Cockfucker
169,Cocksuck
170,Cocksucker
171,Coon
172,Coonnass
173,Crap
174,Cunt
175,Cyberfuck
176,Damn
177,Darn
178,Dick
179,Dirty
180,Douche
181,Dummy
182,Erect
183,Erection
184,Erotic
185,Escort
186,Fag
187,Faggot
188,Fuck
189,Fuck off
190,Fuck you
191,Fuckass
192,Fuckhole
193,God damn
194,Gook
195,Hard core
196,Hardcore
197,Homoerotic
198,Hore
199,Lesbian
200,Lesbians
201,Mother fucker
202,Motherfuck
203,Motherfucker
204,Negro
205,Nigger
206,Orgasim
207,Orgasm
208,Penis
209,Penisfucker
210,Piss
211,Piss off
212,Porn
213,Porno
214,Pornography
215,Pussy
216,Retard
217,Sadist
218,Sex
219,Sexy
220,Shit
221,Slut
222,Son of a bitch
223,Suck
224,Tits
225,Viagra
226,Whore
227,Xxx
228,aNaL
229,AnUs
230,aRsE
231,AsS
232,AsS FuCk
233,aSs hOlE
234,AsSfUcKeR
235,AsShOlE
236,AsSsHoLe
237,bAsTaRd
238,bItCh
239,bLaCk cOcK
240,BlOoDy hElL
241,BoOnG
242,CoCk
243,cOcKfUcKeR
244,CoCkSuCk
245,cOcKsUcKeR
246,CoOn
247,cOoNnAsS
248,CrAp
249,cUnT
250,CyBeRfUcK
251,DaMn
252,dArN
253,DiCk
254,dIrTy
255,dOuChE
256,DuMmY
257,ErEcT
258,ErEcTiOn
259,eRoTiC
260,EsCoRt
261,fAg
262,fAgGoT
263,FuCk
264,fUcK OfF
265,FuCk yOu
266,fUcKaSs
267,fUcKhOlE
268,GoD DaMn
269,gOoK
270,HaRd cOrE
271,HaRdCoRe
272,hOmOeRoTiC
273,HoRe
274,lEsBiAn
275,lEsBiAnS
276,MoThEr fUcKeR
277,MoThErFuCk
278,mOtHeRfUcKeR
279,NeGrO
280,NiGgEr
281,oRgAsIm
282,oRgAsM
283,PeNiS
284,PeNiSfUcKeR
285,PiSs
286,pIsS OfF
287,PoRn
288,pOrNo
289,pOrNoGrApHy
290,pUsSy
291,rEtArD
292,SaDiSt
293,sEx
294,sExY
295,ShIt
296,sLuT
297,SoN Of a bItCh
298,sUcK
299,TiTs
300,vIaGrA
301,WhOrE
302,XxX
303,aNAL
304,aNUS
305,aRSE
306,aSS
307,aSS fUCK
308,aSS hOLE
309,aSSFUCKER
310,aSSHOLE
311,aSSSHOLE
312,bASTARD
313,bITCH
314,bLACK cOCK
315,bLOODY hELL
316,bOONG
317,cOCK
318,cOCKFUCKER
319,cOCKSUCK
320,cOCKSUCKER
321,cOON
322,cOONNASS
323,cRAP
324,cUNT
325,cYBERFUCK
326,dAMN
327,dARN
328,dICK
329,dIRTY
330,dOUCHE
331,dUMMY
332,eRECT
333,eRECTION
334,eROTIC
335,eSCORT
336,fAG
337,fAGGOT
338,fUCK
339,fUCK oFF
340,fUCK yOU
341,fUCKASS
342,fUCKHOLE
343,gOD dAMN
344,gOOK
345,hARD cORE
346,hARDCORE
347,hOMOEROTIC
348,hORE
349,lESBIAN
350,lESBIANS
351,mOTHER fUCKER
352,mOTHERFUCK
353,mOTHERFUCKER
354,nEGRO
355,nIGGER
356,oRGASIM
357,oRGASM
358,pENIS
359,pENISFUCKER
360,pISS
361,pISS oFF
362,pORN
363,pORNO
364,pORNOGRAPHY
365,pUSSY
366,rETARD
367,sADIST
368,sEX
369,sEXY
370,sHIT
371,sLUT
372,sON OF A bITCH
373,sUCK
374,tITS
375,vIAGRA
376,wHORE
377,xXX
